,id,chol,stab.glu,hdl,ratio,glyhb,age,height,weight,bp.1s,bp.1d,waist,hip
count,403.0,402.0,403.0,402.0,402.0,390.0,403.0,398.0,402.0,398.0,398.0,401.0,401.0
mean,15978.310173697271,207.84577114427861,106.67245657568238,50.4452736318408,4.521641791495024,5.589769236287181,46.851116625310176,66.02010050251256,177.59203980099502,136.90452261306532,83.321608040201,37.900249376558605,43.03990024937656
std,11881.1221238133,44.445557433655765,53.076654513994974,17.262625653088072,1.7278860679498425,2.2425948420931507,16.312332955818682,3.9185148564284056,40.340665748544815,22.741033157405976,13.589226931344266,5.7293127805746344,5.656713179048849
min,1000.0,78.0,48.0,12.0,1.5,2.680000067,19.0,52.0,99.0,90.0,48.0,26.0,30.0
25%,4792.5,179.0,81.0,38.0,3.200000048,4.3800001139999996,34.0,63.0,151.0,121.25,75.0,33.0,39.0
50%,15766.0,204.0,89.0,46.0,4.1999998089999995,4.840000153,45.0,66.0,172.5,136.0,82.0,37.0,42.0
75%,20336.0,230.0,106.0,59.0,5.400000095,5.599999905,60.0,69.0,200.0,146.75,90.0,41.0,46.0
max,41756.0,443.0,385.0,120.0,19.29999924,16.11000061,92.0,76.0,325.0,250.0,124.0,56.0,64.0
