Principal Component,Explained Variance Ratio
PC1,0.2617974931611005
PC2,0.21640126757746525
PC3,0.1287037336480192
